customer_id,recommended_action,channel,expected_conversion_rate,expected_revenue_per_customer,cost_per_touch,expected_roi,reasoning
10662,会员日特权 + 积分翻倍,app_push,0.15,106.07,2.0,52.03,"segment=Loyal Customers 忠诚用户, clv=707.0"
12044,VIP 专属 9 折 + 私人客服回访,email,0.18,47.76,2.0,22.88,"segment=Champions 冠军 VIP, clv=265.0"
12773,会员日特权 + 积分翻倍,app_push,0.15,7.16,2.0,2.58,"segment=Potential Loyalists 潜力用户, clv=48.0"
13122,会员日特权 + 积分翻倍,app_push,0.15,112.83,2.0,55.42,"segment=Loyal Customers 忠诚用户, clv=752.0"
13353,会员日特权 + 积分翻倍,app_push,0.15,106.13,2.0,52.06,"segment=Loyal Customers 忠诚用户, clv=708.0"
13942,VIP 专属 9 折 + 私人客服回访,email,0.18,38.0,2.0,18.0,"segment=Champions 冠军 VIP, clv=211.0"
15247,VIP 专属 9 折 + 私人客服回访,email,0.18,33.85,2.0,15.92,"segment=Champions 冠军 VIP, clv=188.0"
15743,会员日特权 + 积分翻倍,app_push,0.15,138.63,2.0,68.32,"segment=Loyal Customers 忠诚用户, clv=924.0"
16112,会员日特权 + 积分翻倍,app_push,0.15,13.56,2.0,5.78,"segment=Potential Loyalists 潜力用户, clv=90.0"
16870,VIP 专属 9 折 + 私人客服回访,email,0.18,73.86,2.0,35.93,"segment=Champions 冠军 VIP, clv=410.0"
17127,会员日特权 + 积分翻倍,app_push,0.15,74.88,2.0,36.44,"segment=Loyal Customers 忠诚用户, clv=499.0"
17735,VIP 专属 9 折 + 私人客服回访,email,0.18,59.03,2.0,28.52,"segment=Champions 冠军 VIP, clv=328.0"
17888,会员日特权 + 积分翻倍,app_push,0.15,13.62,2.0,5.81,"segment=Potential Loyalists 潜力用户, clv=91.0"
18032,会员日特权 + 积分翻倍,app_push,0.15,11.69,2.0,4.84,"segment=Potential Loyalists 潜力用户, clv=78.0"
18104,会员日特权 + 积分翻倍,app_push,0.15,121.23,2.0,59.62,"segment=Loyal Customers 忠诚用户, clv=808.0"
18150,会员日特权 + 积分翻倍,app_push,0.15,16.0,2.0,7.0,"segment=Potential Loyalists 潜力用户, clv=107.0"
18292,VIP 专属 9 折 + 私人客服回访,email,0.18,95.08,2.0,46.54,"segment=Champions 冠军 VIP, clv=528.0"
18475,会员日特权 + 积分翻倍,app_push,0.15,11.19,2.0,4.59,"segment=Potential Loyalists 潜力用户, clv=75.0"
18750,VIP 专属 9 折 + 私人客服回访,email,0.18,106.39,2.0,52.2,"segment=Champions 冠军 VIP, clv=591.0"
19552,会员日特权 + 积分翻倍,app_push,0.15,191.58,2.0,94.79,"segment=Loyal Customers 忠诚用户, clv=1277.0"
20307,VIP 专属 9 折 + 私人客服回访,email,0.18,100.14,2.0,49.07,"segment=Champions 冠军 VIP, clv=556.0"
20620,会员日特权 + 积分翻倍,app_push,0.15,14.77,2.0,6.39,"segment=Potential Loyalists 潜力用户, clv=98.0"
21365,会员日特权 + 积分翻倍,app_push,0.15,14.43,2.0,6.21,"segment=Potential Loyalists 潜力用户, clv=96.0"
21530,会员日特权 + 积分翻倍,app_push,0.15,6.91,2.0,2.46,"segment=Potential Loyalists 潜力用户, clv=46.0"
21692,会员日特权 + 积分翻倍,app_push,0.15,10.36,2.0,4.18,"segment=Potential Loyalists 潜力用户, clv=69.0"
22577,VIP 专属 9 折 + 私人客服回访,email,0.18,85.27,2.0,41.63,"segment=Champions 冠军 VIP, clv=474.0"
22581,会员日特权 + 积分翻倍,app_push,0.15,81.5,2.0,39.75,"segment=Loyal Customers 忠诚用户, clv=543.0"
23707,VIP 专属 9 折 + 私人客服回访,email,0.18,55.61,2.0,26.81,"segment=Champions 冠军 VIP, clv=309.0"
23885,会员日特权 + 积分翻倍,app_push,0.15,6.0,2.0,2.0,"segment=Potential Loyalists 潜力用户, clv=40.0"
24461,VIP 专属 9 折 + 私人客服回访,email,0.18,71.33,2.0,34.67,"segment=Champions 冠军 VIP, clv=396.0"
24514,VIP 专属 9 折 + 私人客服回访,email,0.18,43.57,2.0,20.78,"segment=Champions 冠军 VIP, clv=242.0"
24870,会员日特权 + 积分翻倍,app_push,0.15,10.62,2.0,4.31,"segment=Potential Loyalists 潜力用户, clv=71.0"
24959,会员日特权 + 积分翻倍,app_push,0.15,249.01,2.0,123.51,"segment=Loyal Customers 忠诚用户, clv=1660.0"
25027,会员日特权 + 积分翻倍,app_push,0.15,112.5,2.0,55.25,"segment=Loyal Customers 忠诚用户, clv=750.0"
26429,会员日特权 + 积分翻倍,app_push,0.15,194.02,2.0,96.01,"segment=Loyal Customers 忠诚用户, clv=1293.0"
27052,VIP 专属 9 折 + 私人客服回访,email,0.18,37.85,2.0,17.92,"segment=Champions 冠军 VIP, clv=210.0"
27517,会员日特权 + 积分翻倍,app_push,0.15,23.71,2.0,10.86,"segment=Potential Loyalists 潜力用户, clv=158.0"
27991,会员日特权 + 积分翻倍,app_push,0.15,2.65,2.0,0.33,"segment=Potential Loyalists 潜力用户, clv=18.0"
28132,会员日特权 + 积分翻倍,app_push,0.15,185.45,2.0,91.72,"segment=Loyal Customers 忠诚用户, clv=1236.0"
29312,会员日特权 + 积分翻倍,app_push,0.15,10.44,2.0,4.22,"segment=Potential Loyalists 潜力用户, clv=70.0"
30421,会员日特权 + 积分翻倍,app_push,0.15,24.12,2.0,11.06,"segment=Potential Loyalists 潜力用户, clv=161.0"
30451,会员日特权 + 积分翻倍,app_push,0.15,7.17,2.0,2.58,"segment=Potential Loyalists 潜力用户, clv=48.0"
31054,VIP 专属 9 折 + 私人客服回访,email,0.18,31.94,2.0,14.97,"segment=Champions 冠军 VIP, clv=177.0"
31488,VIP 专属 9 折 + 私人客服回访,email,0.18,87.77,2.0,42.89,"segment=Champions 冠军 VIP, clv=488.0"
31559,VIP 专属 9 折 + 私人客服回访,email,0.18,15.79,2.0,6.89,"segment=Champions 冠军 VIP, clv=88.0"
32093,会员日特权 + 积分翻倍,app_push,0.15,16.14,2.0,7.07,"segment=Potential Loyalists 潜力用户, clv=108.0"
34889,VIP 专属 9 折 + 私人客服回访,email,0.18,33.45,2.0,15.73,"segment=Champions 冠军 VIP, clv=186.0"
34908,会员日特权 + 积分翻倍,app_push,0.15,5.6,2.0,1.8,"segment=Potential Loyalists 潜力用户, clv=37.0"
34940,VIP 专属 9 折 + 私人客服回访,email,0.18,83.96,2.0,40.98,"segment=Champions 冠军 VIP, clv=466.0"
35324,会员日特权 + 积分翻倍,app_push,0.15,9.4,2.0,3.7,"segment=Potential Loyalists 潜力用户, clv=63.0"
35949,会员日特权 + 积分翻倍,app_push,0.15,56.99,2.0,27.49,"segment=Loyal Customers 忠诚用户, clv=380.0"
36423,VIP 专属 9 折 + 私人客服回访,email,0.18,77.23,2.0,37.61,"segment=Champions 冠军 VIP, clv=429.0"
37135,VIP 专属 9 折 + 私人客服回访,email,0.18,35.13,2.0,16.56,"segment=Champions 冠军 VIP, clv=195.0"
37355,会员日特权 + 积分翻倍,app_push,0.15,2.86,2.0,0.43,"segment=Potential Loyalists 潜力用户, clv=19.0"
38112,会员日特权 + 积分翻倍,app_push,0.15,369.73,2.0,183.87,"segment=Loyal Customers 忠诚用户, clv=2465.0"
38909,VIP 专属 9 折 + 私人客服回访,email,0.18,42.88,2.0,20.44,"segment=Champions 冠军 VIP, clv=238.0"
39323,会员日特权 + 积分翻倍,app_push,0.15,98.0,2.0,48.0,"segment=Loyal Customers 忠诚用户, clv=653.0"
39717,VIP 专属 9 折 + 私人客服回访,email,0.18,46.69,2.0,22.35,"segment=Champions 冠军 VIP, clv=259.0"
40085,会员日特权 + 积分翻倍,app_push,0.15,276.05,2.0,137.02,"segment=Loyal Customers 忠诚用户, clv=1840.0"
40504,会员日特权 + 积分翻倍,app_push,0.15,5.16,2.0,1.58,"segment=Potential Loyalists 潜力用户, clv=34.0"
40832,会员日特权 + 积分翻倍,app_push,0.15,7.99,2.0,3.0,"segment=Potential Loyalists 潜力用户, clv=53.0"
41274,会员日特权 + 积分翻倍,app_push,0.15,248.94,2.0,123.47,"segment=Loyal Customers 忠诚用户, clv=1660.0"
41906,VIP 专属 9 折 + 私人客服回访,email,0.18,94.46,2.0,46.23,"segment=Champions 冠军 VIP, clv=525.0"
42562,会员日特权 + 积分翻倍,app_push,0.15,236.51,2.0,117.26,"segment=Loyal Customers 忠诚用户, clv=1577.0"
42751,VIP 专属 9 折 + 私人客服回访,email,0.18,30.86,2.0,14.43,"segment=Champions 冠军 VIP, clv=171.0"
42997,VIP 专属 9 折 + 私人客服回访,email,0.18,77.82,2.0,37.91,"segment=Champions 冠军 VIP, clv=432.0"
43341,会员日特权 + 积分翻倍,app_push,0.15,10.35,2.0,4.17,"segment=Potential Loyalists 潜力用户, clv=69.0"
43371,会员日特权 + 积分翻倍,app_push,0.15,180.04,2.0,89.02,"segment=Loyal Customers 忠诚用户, clv=1200.0"
44291,VIP 专属 9 折 + 私人客服回访,email,0.18,47.33,2.0,22.66,"segment=Champions 冠军 VIP, clv=263.0"
44872,会员日特权 + 积分翻倍,app_push,0.15,40.88,2.0,19.44,"segment=Potential Loyalists 潜力用户, clv=272.0"
46216,VIP 专属 9 折 + 私人客服回访,email,0.18,122.25,2.0,60.13,"segment=Champions 冠军 VIP, clv=679.0"
46574,VIP 专属 9 折 + 私人客服回访,email,0.18,104.29,2.0,51.15,"segment=Champions 冠军 VIP, clv=579.0"
46767,会员日特权 + 积分翻倍,app_push,0.15,35.13,2.0,16.57,"segment=Potential Loyalists 潜力用户, clv=234.0"
46826,VIP 专属 9 折 + 私人客服回访,email,0.18,24.3,2.0,11.15,"segment=Champions 冠军 VIP, clv=135.0"
46976,会员日特权 + 积分翻倍,app_push,0.15,22.21,2.0,10.11,"segment=Potential Loyalists 潜力用户, clv=148.0"
47615,会员日特权 + 积分翻倍,app_push,0.15,30.67,2.0,14.34,"segment=Potential Loyalists 潜力用户, clv=204.0"
48970,会员日特权 + 积分翻倍,app_push,0.15,24.75,2.0,11.38,"segment=Potential Loyalists 潜力用户, clv=165.0"
49088,VIP 专属 9 折 + 私人客服回访,email,0.18,35.72,2.0,16.86,"segment=Champions 冠军 VIP, clv=198.0"
49169,会员日特权 + 积分翻倍,app_push,0.15,27.07,2.0,12.54,"segment=Potential Loyalists 潜力用户, clv=180.0"
49304,会员日特权 + 积分翻倍,app_push,0.15,452.86,2.0,225.43,"segment=Loyal Customers 忠诚用户, clv=3019.0"
49343,会员日特权 + 积分翻倍,app_push,0.15,32.61,2.0,15.3,"segment=Potential Loyalists 潜力用户, clv=217.0"
49498,会员日特权 + 积分翻倍,app_push,0.15,9.35,2.0,3.68,"segment=Potential Loyalists 潜力用户, clv=62.0"
49564,VIP 专属 9 折 + 私人客服回访,email,0.18,16.71,2.0,7.36,"segment=Champions 冠军 VIP, clv=93.0"
49906,会员日特权 + 积分翻倍,app_push,0.15,19.78,2.0,8.89,"segment=Potential Loyalists 潜力用户, clv=132.0"
50111,VIP 专属 9 折 + 私人客服回访,email,0.18,38.56,2.0,18.28,"segment=Champions 冠军 VIP, clv=214.0"
50153,VIP 专属 9 折 + 私人客服回访,email,0.18,43.36,2.0,20.68,"segment=Champions 冠军 VIP, clv=241.0"
50534,VIP 专属 9 折 + 私人客服回访,email,0.18,127.25,2.0,62.63,"segment=Champions 冠军 VIP, clv=707.0"
50540,会员日特权 + 积分翻倍,app_push,0.15,274.18,2.0,136.09,"segment=Loyal Customers 忠诚用户, clv=1828.0"
51301,会员日特权 + 积分翻倍,app_push,0.15,17.2,2.0,7.6,"segment=Potential Loyalists 潜力用户, clv=115.0"
51568,VIP 专属 9 折 + 私人客服回访,email,0.18,17.46,2.0,7.73,"segment=Champions 冠军 VIP, clv=97.0"
51664,VIP 专属 9 折 + 私人客服回访,email,0.18,27.25,2.0,12.62,"segment=Champions 冠军 VIP, clv=151.0"
52004,VIP 专属 9 折 + 私人客服回访,email,0.18,84.66,2.0,41.33,"segment=Champions 冠军 VIP, clv=470.0"
52259,会员日特权 + 积分翻倍,app_push,0.15,8.96,2.0,3.48,"segment=Potential Loyalists 潜力用户, clv=60.0"
52398,会员日特权 + 积分翻倍,app_push,0.15,1.64,2.0,-0.18,"segment=Potential Loyalists 潜力用户, clv=11.0"
52440,会员日特权 + 积分翻倍,app_push,0.15,144.93,2.0,71.46,"segment=Loyal Customers 忠诚用户, clv=966.0"
52812,会员日特权 + 积分翻倍,app_push,0.15,66.25,2.0,32.13,"segment=Loyal Customers 忠诚用户, clv=442.0"
54605,VIP 专属 9 折 + 私人客服回访,email,0.18,33.0,2.0,15.5,"segment=Champions 冠军 VIP, clv=183.0"
54759,VIP 专属 9 折 + 私人客服回访,email,0.18,61.53,2.0,29.76,"segment=Champions 冠军 VIP, clv=342.0"
54800,会员日特权 + 积分翻倍,app_push,0.15,160.44,2.0,79.22,"segment=Loyal Customers 忠诚用户, clv=1070.0"
55031,VIP 专属 9 折 + 私人客服回访,email,0.18,55.59,2.0,26.8,"segment=Champions 冠军 VIP, clv=309.0"
55093,会员日特权 + 积分翻倍,app_push,0.15,28.67,2.0,13.34,"segment=Potential Loyalists 潜力用户, clv=191.0"
55450,会员日特权 + 积分翻倍,app_push,0.15,237.04,2.0,117.52,"segment=Loyal Customers 忠诚用户, clv=1580.0"
55504,会员日特权 + 积分翻倍,app_push,0.15,13.24,2.0,5.62,"segment=Potential Loyalists 潜力用户, clv=88.0"
56189,会员日特权 + 积分翻倍,app_push,0.15,8.6,2.0,3.3,"segment=Potential Loyalists 潜力用户, clv=57.0"
57382,VIP 专属 9 折 + 私人客服回访,email,0.18,16.62,2.0,7.31,"segment=Champions 冠军 VIP, clv=92.0"
59088,会员日特权 + 积分翻倍,app_push,0.15,115.94,2.0,56.97,"segment=Loyal Customers 忠诚用户, clv=773.0"
59190,会员日特权 + 积分翻倍,app_push,0.15,182.05,2.0,90.02,"segment=Loyal Customers 忠诚用户, clv=1214.0"
59821,VIP 专属 9 折 + 私人客服回访,email,0.18,124.46,2.0,61.23,"segment=Champions 冠军 VIP, clv=691.0"
59912,VIP 专属 9 折 + 私人客服回访,email,0.18,52.78,2.0,25.39,"segment=Champions 冠军 VIP, clv=293.0"
60007,会员日特权 + 积分翻倍,app_push,0.15,108.4,2.0,53.2,"segment=Loyal Customers 忠诚用户, clv=723.0"
60132,VIP 专属 9 折 + 私人客服回访,email,0.18,38.92,2.0,18.46,"segment=Champions 冠军 VIP, clv=216.0"
60328,VIP 专属 9 折 + 私人客服回访,email,0.18,38.14,2.0,18.07,"segment=Champions 冠军 VIP, clv=212.0"
60804,会员日特权 + 积分翻倍,app_push,0.15,4.5,2.0,1.25,"segment=Potential Loyalists 潜力用户, clv=30.0"
60870,会员日特权 + 积分翻倍,app_push,0.15,14.56,2.0,6.28,"segment=Potential Loyalists 潜力用户, clv=97.0"
60883,会员日特权 + 积分翻倍,app_push,0.15,120.82,2.0,59.41,"segment=Loyal Customers 忠诚用户, clv=805.0"
61186,会员日特权 + 积分翻倍,app_push,0.15,5.33,2.0,1.66,"segment=Potential Loyalists 潜力用户, clv=36.0"
61713,VIP 专属 9 折 + 私人客服回访,email,0.18,64.87,2.0,31.44,"segment=Champions 冠军 VIP, clv=360.0"
64254,VIP 专属 9 折 + 私人客服回访,email,0.18,35.47,2.0,16.73,"segment=Champions 冠军 VIP, clv=197.0"
64647,会员日特权 + 积分翻倍,app_push,0.15,19.1,2.0,8.55,"segment=Potential Loyalists 潜力用户, clv=127.0"
66678,会员日特权 + 积分翻倍,app_push,0.15,17.1,2.0,7.55,"segment=Potential Loyalists 潜力用户, clv=114.0"
66724,会员日特权 + 积分翻倍,app_push,0.15,587.55,2.0,292.78,"segment=Loyal Customers 忠诚用户, clv=3917.0"
66849,会员日特权 + 积分翻倍,app_push,0.15,69.17,2.0,33.58,"segment=Loyal Customers 忠诚用户, clv=461.0"
67124,会员日特权 + 积分翻倍,app_push,0.15,321.11,2.0,159.55,"segment=Loyal Customers 忠诚用户, clv=2141.0"
67307,会员日特权 + 积分翻倍,app_push,0.15,200.6,2.0,99.3,"segment=Loyal Customers 忠诚用户, clv=1337.0"
67947,VIP 专属 9 折 + 私人客服回访,email,0.18,65.25,2.0,31.62,"segment=Champions 冠军 VIP, clv=362.0"
68897,VIP 专属 9 折 + 私人客服回访,email,0.18,20.19,2.0,9.1,"segment=Champions 冠军 VIP, clv=112.0"
68910,会员日特权 + 积分翻倍,app_push,0.15,21.32,2.0,9.66,"segment=Potential Loyalists 潜力用户, clv=142.0"
69571,会员日特权 + 积分翻倍,app_push,0.15,18.01,2.0,8.0,"segment=Potential Loyalists 潜力用户, clv=120.0"
69787,会员日特权 + 积分翻倍,app_push,0.15,20.35,2.0,9.18,"segment=Potential Loyalists 潜力用户, clv=136.0"
69835,VIP 专属 9 折 + 私人客服回访,email,0.18,64.22,2.0,31.11,"segment=Champions 冠军 VIP, clv=357.0"
70155,VIP 专属 9 折 + 私人客服回访,email,0.18,22.84,2.0,10.42,"segment=Champions 冠军 VIP, clv=127.0"
70282,会员日特权 + 积分翻倍,app_push,0.15,9.56,2.0,3.78,"segment=Potential Loyalists 潜力用户, clv=64.0"
71012,会员日特权 + 积分翻倍,app_push,0.15,13.3,2.0,5.65,"segment=Potential Loyalists 潜力用户, clv=89.0"
71423,会员日特权 + 积分翻倍,app_push,0.15,5.18,2.0,1.59,"segment=Potential Loyalists 潜力用户, clv=35.0"
71473,会员日特权 + 积分翻倍,app_push,0.15,25.51,2.0,11.75,"segment=Potential Loyalists 潜力用户, clv=170.0"
71532,会员日特权 + 积分翻倍,app_push,0.15,7.9,2.0,2.95,"segment=Potential Loyalists 潜力用户, clv=53.0"
71782,会员日特权 + 积分翻倍,app_push,0.15,302.86,2.0,150.43,"segment=Loyal Customers 忠诚用户, clv=2019.0"
72668,VIP 专属 9 折 + 私人客服回访,email,0.18,50.79,2.0,24.39,"segment=Champions 冠军 VIP, clv=282.0"
72708,VIP 专属 9 折 + 私人客服回访,email,0.18,22.72,2.0,10.36,"segment=Champions 冠军 VIP, clv=126.0"
72762,VIP 专属 9 折 + 私人客服回访,email,0.18,67.87,2.0,32.94,"segment=Champions 冠军 VIP, clv=377.0"
73023,VIP 专属 9 折 + 私人客服回访,email,0.18,120.04,2.0,59.02,"segment=Champions 冠军 VIP, clv=667.0"
73046,会员日特权 + 积分翻倍,app_push,0.15,22.45,2.0,10.23,"segment=Potential Loyalists 潜力用户, clv=150.0"
73464,VIP 专属 9 折 + 私人客服回访,email,0.18,65.46,2.0,31.73,"segment=Champions 冠军 VIP, clv=364.0"
74534,会员日特权 + 积分翻倍,app_push,0.15,12.16,2.0,5.08,"segment=Potential Loyalists 潜力用户, clv=81.0"
74572,会员日特权 + 积分翻倍,app_push,0.15,181.95,2.0,89.98,"segment=Loyal Customers 忠诚用户, clv=1213.0"
75011,VIP 专属 9 折 + 私人客服回访,email,0.18,16.52,2.0,7.26,"segment=Champions 冠军 VIP, clv=92.0"
76216,VIP 专属 9 折 + 私人客服回访,email,0.18,110.74,2.0,54.37,"segment=Champions 冠军 VIP, clv=615.0"
76903,会员日特权 + 积分翻倍,app_push,0.15,6.22,2.0,2.11,"segment=Potential Loyalists 潜力用户, clv=41.0"
77027,会员日特权 + 积分翻倍,app_push,0.15,47.22,2.0,22.61,"segment=Potential Loyalists 潜力用户, clv=315.0"
78227,VIP 专属 9 折 + 私人客服回访,email,0.18,21.42,2.0,9.71,"segment=Champions 冠军 VIP, clv=119.0"
78390,会员日特权 + 积分翻倍,app_push,0.15,16.33,2.0,7.16,"segment=Potential Loyalists 潜力用户, clv=109.0"
78501,会员日特权 + 积分翻倍,app_push,0.15,10.93,2.0,4.46,"segment=Potential Loyalists 潜力用户, clv=73.0"
78849,会员日特权 + 积分翻倍,app_push,0.15,31.15,2.0,14.57,"segment=Potential Loyalists 潜力用户, clv=208.0"
79105,会员日特权 + 积分翻倍,app_push,0.15,6.7,2.0,2.35,"segment=Potential Loyalists 潜力用户, clv=45.0"
79438,会员日特权 + 积分翻倍,app_push,0.15,196.79,2.0,97.4,"segment=Loyal Customers 忠诚用户, clv=1312.0"
79655,会员日特权 + 积分翻倍,app_push,0.15,22.22,2.0,10.11,"segment=Potential Loyalists 潜力用户, clv=148.0"
80053,会员日特权 + 积分翻倍,app_push,0.15,180.15,2.0,89.07,"segment=Loyal Customers 忠诚用户, clv=1201.0"
80232,会员日特权 + 积分翻倍,app_push,0.15,143.95,2.0,70.97,"segment=Loyal Customers 忠诚用户, clv=960.0"
80264,VIP 专属 9 折 + 私人客服回访,email,0.18,42.7,2.0,20.35,"segment=Champions 冠军 VIP, clv=237.0"
80340,会员日特权 + 积分翻倍,app_push,0.15,266.37,2.0,132.18,"segment=Loyal Customers 忠诚用户, clv=1776.0"
80550,VIP 专属 9 折 + 私人客服回访,email,0.18,30.04,2.0,14.02,"segment=Champions 冠军 VIP, clv=167.0"
80745,会员日特权 + 积分翻倍,app_push,0.15,7.32,2.0,2.66,"segment=Potential Loyalists 潜力用户, clv=49.0"
80822,VIP 专属 9 折 + 私人客服回访,email,0.18,76.62,2.0,37.31,"segment=Champions 冠军 VIP, clv=426.0"
81541,会员日特权 + 积分翻倍,app_push,0.15,5.28,2.0,1.64,"segment=Potential Loyalists 潜力用户, clv=35.0"
81610,会员日特权 + 积分翻倍,app_push,0.15,18.28,2.0,8.14,"segment=Potential Loyalists 潜力用户, clv=122.0"
81715,VIP 专属 9 折 + 私人客服回访,email,0.18,64.2,2.0,31.1,"segment=Champions 冠军 VIP, clv=357.0"
82427,VIP 专属 9 折 + 私人客服回访,email,0.18,38.62,2.0,18.31,"segment=Champions 冠军 VIP, clv=215.0"
82440,VIP 专属 9 折 + 私人客服回访,email,0.18,10.64,2.0,4.32,"segment=Champions 冠军 VIP, clv=59.0"
83261,会员日特权 + 积分翻倍,app_push,0.15,646.71,2.0,322.35,"segment=Loyal Customers 忠诚用户, clv=4311.0"
83949,VIP 专属 9 折 + 私人客服回访,email,0.18,45.85,2.0,21.92,"segment=Champions 冠军 VIP, clv=255.0"
84047,会员日特权 + 积分翻倍,app_push,0.15,104.25,2.0,51.13,"segment=Loyal Customers 忠诚用户, clv=695.0"
84485,VIP 专属 9 折 + 私人客服回访,email,0.18,89.36,2.0,43.68,"segment=Champions 冠军 VIP, clv=496.0"
84902,VIP 专属 9 折 + 私人客服回访,email,0.18,16.2,2.0,7.1,"segment=Champions 冠军 VIP, clv=90.0"
84940,VIP 专属 9 折 + 私人客服回访,email,0.18,100.95,2.0,49.48,"segment=Champions 冠军 VIP, clv=561.0"
84945,会员日特权 + 积分翻倍,app_push,0.15,9.04,2.0,3.52,"segment=Potential Loyalists 潜力用户, clv=60.0"
85576,VIP 专属 9 折 + 私人客服回访,email,0.18,30.57,2.0,14.29,"segment=Champions 冠军 VIP, clv=170.0"
85751,会员日特权 + 积分翻倍,app_push,0.15,81.86,2.0,39.93,"segment=Loyal Customers 忠诚用户, clv=546.0"
86805,会员日特权 + 积分翻倍,app_push,0.15,4.85,2.0,1.43,"segment=Potential Loyalists 潜力用户, clv=32.0"
86956,VIP 专属 9 折 + 私人客服回访,email,0.18,23.98,2.0,10.99,"segment=Champions 冠军 VIP, clv=133.0"
87009,VIP 专属 9 折 + 私人客服回访,email,0.18,19.99,2.0,9.0,"segment=Champions 冠军 VIP, clv=111.0"
87245,会员日特权 + 积分翻倍,app_push,0.15,54.69,2.0,26.35,"segment=Potential Loyalists 潜力用户, clv=365.0"
87272,会员日特权 + 积分翻倍,app_push,0.15,1.5,2.0,-0.25,"segment=Potential Loyalists 潜力用户, clv=10.0"
89909,VIP 专属 9 折 + 私人客服回访,email,0.18,118.25,2.0,58.12,"segment=Champions 冠军 VIP, clv=657.0"
90380,VIP 专属 9 折 + 私人客服回访,email,0.18,21.64,2.0,9.82,"segment=Champions 冠军 VIP, clv=120.0"
90826,VIP 专属 9 折 + 私人客服回访,email,0.18,30.34,2.0,14.17,"segment=Champions 冠军 VIP, clv=169.0"
91055,会员日特权 + 积分翻倍,app_push,0.15,14.31,2.0,6.16,"segment=Potential Loyalists 潜力用户, clv=95.0"
91497,会员日特权 + 积分翻倍,app_push,0.15,36.13,2.0,17.07,"segment=Potential Loyalists 潜力用户, clv=241.0"
92587,VIP 专属 9 折 + 私人客服回访,email,0.18,53.39,2.0,25.7,"segment=Champions 冠军 VIP, clv=297.0"
93026,会员日特权 + 积分翻倍,app_push,0.15,44.28,2.0,21.14,"segment=Loyal Customers 忠诚用户, clv=295.0"
93407,会员日特权 + 积分翻倍,app_push,0.15,31.12,2.0,14.56,"segment=Potential Loyalists 潜力用户, clv=207.0"
94423,会员日特权 + 积分翻倍,app_push,0.15,215.47,2.0,106.74,"segment=Loyal Customers 忠诚用户, clv=1436.0"
94626,会员日特权 + 积分翻倍,app_push,0.15,17.65,2.0,7.83,"segment=Potential Loyalists 潜力用户, clv=118.0"
96371,会员日特权 + 积分翻倍,app_push,0.15,17.13,2.0,7.56,"segment=Potential Loyalists 潜力用户, clv=114.0"
96569,VIP 专属 9 折 + 私人客服回访,email,0.18,43.23,2.0,20.62,"segment=Champions 冠军 VIP, clv=240.0"
97074,会员日特权 + 积分翻倍,app_push,0.15,191.67,2.0,94.84,"segment=Loyal Customers 忠诚用户, clv=1278.0"
97361,VIP 专属 9 折 + 私人客服回访,email,0.18,31.92,2.0,14.96,"segment=Champions 冠军 VIP, clv=177.0"
97805,VIP 专属 9 折 + 私人客服回访,email,0.18,37.23,2.0,17.62,"segment=Champions 冠军 VIP, clv=207.0"
98445,会员日特权 + 积分翻倍,app_push,0.15,5.5,2.0,1.75,"segment=Potential Loyalists 潜力用户, clv=37.0"
99338,VIP 专属 9 折 + 私人客服回访,email,0.18,36.51,2.0,17.26,"segment=Champions 冠军 VIP, clv=203.0"
99648,会员日特权 + 积分翻倍,app_push,0.15,282.68,2.0,140.34,"segment=Loyal Customers 忠诚用户, clv=1885.0"
